refdes,pin,voltage,current
J1,3,11.993,7.0
J1,4,0.0,-7.0
Q1,2,11.9652,-7.00001
GND,1,0.00834258,7.00001
