refdes,pin,voltage,current,rpin
VCOMP0,VCOMP0-0,11.993,7,0
VCOMP0,VCOMP0-1,0,-7,0
VCOMP1,VCOMP1-0,11.9811,-2.32023,0.0489796
VCOMP1,VCOMP1-1,11.9811,-2.32022,0.0489796
VCOMP1,VCOMP1-2,11.983,-2.35955,0.0489796
VCOMP1,VCOMP1-3,0.0052629,1.74419,0.0489796
VCOMP1,VCOMP1-4,0.00609111,1.72728,0.0489796
VCOMP1,VCOMP1-5,0.00496283,1.75032,0.0489796
VCOMP1,VCOMP1-6,0.00359691,1.77821,0.0489796
