refdes,pin,voltage,current
U1,2,11.993,3.5
U1,15,11.993,3.5
U1,7,0.0,-3.5
U1,10,0.0,-3.5
F1,2,12.7651,7.0
GND,1,0.772057,-7.0
OUTA,1,11.9818,-7.00001
OUTB,1,0.0087401,7.00001
U1,4,12.7552,-2.32894
U1,5,12.7552,-2.32836
U1,12,12.7559,-2.3427
U1,1,0.777439,1.72737
U1,8,0.777499,1.72614
U1,16,0.77652,1.74612
U1,9,0.773864,1.80037
