refdes,pin,voltage,current,rpin
VCOMP0,VCOMP0-0,11.9925,7.5,0
VCOMP0,VCOMP0-1,0,-7.5,0
VCOMP1,VCOMP1-0,11.9807,-2.49271,0.0457143
VCOMP1,VCOMP1-1,11.9807,-2.49304,0.0457143
VCOMP1,VCOMP1-2,11.9816,-2.51425,0.0457143
VCOMP1,VCOMP1-3,0.00607596,1.85208,0.0457143
VCOMP1,VCOMP1-4,0.00507439,1.87399,0.0457143
VCOMP1,VCOMP1-5,0.00511968,1.873,0.0457143
VCOMP1,VCOMP1-6,0.00384344,1.90092,0.0457143
