refdes,pin,voltage,current
U1,7,11.993,3.5
U1,10,11.993,3.5
GND,1,0.0,-7.0
J1,1,11.9774,-7.00001
J1,4,0.00834258,7.00001
