refdes,pin,voltage,current
R3,2,23.9851,14.9053
C19,1,0.0,-14.9053
R10,2,23.9842,15.0947
C26,1,-0.000732378,-15.0947
J2,pdna_pin_1_2,23.9761,-14.9546
J2,pdna_pin_1_1,23.9767,-15.0454
J2,pdna_pin_2_2,0.0227467,15.1369
J2,pdna_pin_2_1,0.0245716,14.8631
