refdes,pin,voltage,current,rpin
VCOMP0,VCOMP0-0,23.985,15,0
VCOMP0,VCOMP0-1,0,-15,0
VCOMP1,VCOMP1-0,23.9746,-7.50736,0.0133333
VCOMP1,VCOMP1-1,23.9744,-7.49267,0.0133333
VCOMP1,VCOMP1-2,0.0145524,7.48682,0.0133333
VCOMP1,VCOMP1-3,0.0142003,7.51322,0.0133333
