refdes,pin,voltage,current
U1,2,11.993,3.5
U1,15,11.993,3.5
GND,1,0.0,-7.0
OUTA,1,11.9799,-7.00001
J1,4,0.00834258,7.00001
